ID,Nome,Serviço,Grupo,Avaliação,Data,Ano,Governo,UF,Matriz de Achados?,a. Questões de Auditoria,b. Subquestões de Auditoria,c. Descrição sumária,d. Critério (O que deveria ser),e. Condição ou situação encontrada (O que é) [achados],f. Evidências,g. Informação extraída das evidências,h. Causas,i. Efeitos,j. Boas Práticas,k. Recomendações,l. Benefícios esperados,m. Manifestação,n. Conclusões
201900989,Relatório 201900989 - Aplicação de recursos federais no fomento ao ensino em tempo integral no estado de SE,1,3,1,2024-06-26,2024,3,25,0,1,0,1,1,0,1,0,0,0,0,1,0,0,1
1192605,Relatório 1192605 - Contratação de serviços para manutenção em equipamentos de climatização e refrigeração da UFRR,1,3,0,2024-06-28,2024,3,22,0,1,0,1,1,1,1,0,1,1,0,1,0,0,1
1373587,Relatório 1373587 - Governança e gestão de aquisições da Universidade Federal do Paraná (UFPR),1,3,0,2024-06-28,2024,3,18,0,1,0,1,1,1,1,0,0,0,1,1,1,0,1
1373596,Relatório 1373596 - Governança e gestão de aquisições da Universidade Federal de Santa Maria (UFSM),1,3,0,2024-06-28,2024,3,7,0,1,0,1,1,1,1,0,1,1,1,1,1,0,1
1530492,Relatório 1530492 - Atuação do MDA na gestão de recursos provenientes do Fundo Internacional de Desenvolvimento Agrícola (FIDA),1,2,0,2024-07-01,2024,3,7,0,1,0,1,1,1,1,0,1,0,1,1,0,0,1
1539510,Relatório 1539510 - Contratação do DNIT/MT para manutenção rodoviária na BR-242,1,1,0,2024-07-01,2024,3,13,0,0,0,1,1,1,1,0,0,0,0,1,0,0,1
833382,Relatório 833382 - Prazos de vigência de instrumentos de transferências da União operacionalizados pela Plataforma Transferegov.br,1,3,0,2024-07-03,2024,3,7,0,1,0,1,1,1,1,1,1,1,0,1,0,0,1
1528149,Relatório 1528149 Contratação dos serviços de organização de eventos e locação de veículos - Central de Compras/MGI,2,3,0,2024-07-03,2024,3,7,0,0,0,1,1,1,1,0,0,0,1,1,0,1,0
1573338,Relatório 1573338 - Governança e Gestão de Contratações,1,3,0,2024-07-03,2024,3,7,0,1,0,1,1,1,1,0,1,1,1,1,1,0,1
1509066,Relatório 1509066 - Ministério da Gestão e da Inovação em Serviços Públicos - MGI - Exercício 2023,1,5,0,2024-07-03,2024,3,7,0,0,0,1,1,1,1,0,1,1,0,1,1,0,1
1384835,Relatório 1384835 - Atuação do Instituto Brasileiro de Informação em Ciência e Tecnologia (IBICT) na execução de projetos de pesquisa,3,99,0,2024-07-04,2024,3,7,0,1,0,1,1,1,1,0,1,1,0,1,1,1,1
1111339,Relatório 1111339 - Execução de pavimentação em assentamentos rurais no município de Maragogi (AL),1,3,1,2024-07-05,2024,3,2,0,1,0,1,1,1,1,0,1,1,0,1,0,1,1
1205154,"Relatório de Avaliação nº 1205154 - INSS/MPS, SRGPS/MPS, CNPS - Avaliação da governança do Regime Geral de Previdência Social (RGPS)",1,3,0,2024-07-05,2024,3,7,0,1,0,1,1,1,1,0,0,0,0,1,1,0,1
1515294,"Relatório 1515294 - Auditoria Anual de Contas (2023) no Ministério do Desenvolvimento e Assistência Social, Família e Combate à Fome (MDS)",1,5,0,2024-07-05,2024,3,7,0,0,0,1,1,1,1,0,1,1,0,1,1,1,1
1440819,Avaliação sobre o processo de implementação e disseminação das soluções de meios de pagamento digital no Poder Executivo Federal,1,3,0,2024-07-05,2024,3,7,0,1,0,1,1,1,1,0,0,1,0,1,1,0,1
1110898,Relatório 1110898 - Atuação da Suframa no acompanhamento das obrigações de investimentos em PD&I decorrentes de incentivos fiscais: fundos de investimento em participações (FIP),1,3,1,2024-07-09,2024,3,3,0,0,0,1,1,1,1,0,1,1,0,1,1,0,1
1578533,Relatório final de avaliação do Simples Nacional sobre sua dimensão de equidade,1,3,1,2024-07-12,2024,3,7,0,0,0,1,1,1,1,0,1,1,0,1,1,1,1
905064,Relatório 905064 - Relacionamento entre a Universidade Federal de Goiás e Fundações de Apoio,1,3,0,2024-07-14,2024,3,9,0,1,0,1,1,1,1,0,1,1,0,1,1,1,1
1613307,"Relatório 1613307 - Contratação de serviços de limpeza, asseio e conservação no Instituto Federal Goiano",1,1,0,2024-07-14,2024,3,9,0,0,0,1,1,1,1,0,1,0,0,1,1,1,1
1523302,Relatório 1523302 - Auditoria Anual de Contas do Ministério dos Povos Indígenas - Exercício 2023,1,5,0,2024-07-14,2024,3,7,0,1,0,1,1,1,1,0,1,1,0,1,0,1,1
1474963,Relatório 1474963 - Aplicação de recursos do Fundeb pela Prefeitura de São Francisco de Itabapoana (RJ),3,99,0,2024-07-14,2024,3,19,0,1,0,1,1,1,1,0,0,0,0,0,0,0,1
1420292,Relatório 1420292 - Regulação dos serviços de saúde ambulatoriais de média e alta complexidade em Campo Grande (MS),1,3,0,2024-07-14,2024,3,12,0,1,0,1,1,1,1,0,1,1,0,1,0,0,1
952852,Relatório 952852 - Contribuição do financiamento federal da educação básica para a qualidade do ensino e a equalização de oportunidades,1,3,1,2024-07-15,2024,3,7,0,1,0,1,1,1,1,0,1,1,0,1,0,0,1
1205117,"Relatório 1205117 - Avaliação dos recursos repassados aos Estados da Amazônia Legal pela Lei 13.947, de 13 de dezembro de 2019 - 2ª Etapa - Amapá",1,3,0,2024-07-15,2024,3,4,0,0,0,1,0,0,1,0,0,0,0,1,0,0,1
1110051,Relatório 1110051 - Programa Nacional de Alimentação Escolar (PNAE): análise dos achados das avaliações realizadas entre 2015 e 2020,1,3,1,2024-07-15,2024,3,24,0,1,0,1,1,1,1,0,1,0,0,1,0,0,1
1611202,Relatório 1611202 - Contratação de serviços de vigilância pela Universidade Federal do Rio Grande do Sul (UFRGS),1,1,0,2024-07-15,2024,3,23,0,0,0,1,0,0,1,0,0,0,0,0,0,0,1
1578998,Relatório 1578998 - Contratação do DNIT/PA para manutenção rodoviária na BR-230,1,1,0,2024-07-15,2024,3,14,0,1,0,1,1,0,1,0,0,1,0,1,0,0,1
1493413,Relatório 1493413 - Transferência de recursos para ampliação e reforma de hospital no estado de Goiás,1,3,0,2024-07-15,2024,3,9,0,1,0,1,1,0,1,0,0,0,0,1,0,1,1
1422391,Relatório 1422391 - Aplicação de recursos do Programa Nacional de Alimentação Escolar (PNAE) pelo governo do Acre,1,3,0,2024-07-15,2024,3,1,0,1,0,1,1,1,1,0,1,1,1,1,1,0,1
1587689,"Relatório 1587689 - Contratação do DNIT/SC para manutenção nas rodovias BR-158, BR-282 e BR-480",1,1,0,2024-07-18,2024,3,24,0,1,0,1,1,1,0,0,0,0,0,1,0,0,1
1501884,Relatório 1501884 - Contrato de Repasse nº 902315/2020 firmado entre o MDR e o Município de Nioaque/MS para construção de ponte,3,99,0,2024-07-18,2024,3,12,0,1,0,1,1,1,1,0,1,1,1,1,1,1,1
201800109,"Relatório 201800109 - Contrato de remuneração entre MME e Pré-Sal Petróleo S.A. (PPSA): elaboração, arranjo orçamentário-financeiro e execução",1,3,0,2024-07-19,2024,3,19,0,1,0,1,1,0,1,0,0,1,0,1,1,0,1
1090511,Relatório 1090511 - Avaliação da regularidade da concessão de adicional de qualificação e afins na Universidade Federal de Roraima (UFRR),1,3,0,2024-07-19,2024,3,22,0,0,0,1,1,1,1,0,1,1,0,1,1,1,1
1358261,Relatório 1358261 - Ministério da Integração e Desenvolvimento Regional - MDR - Exercício 2023,1,5,0,2024-07-19,2024,3,7,0,0,0,1,1,1,1,0,0,1,0,1,1,0,1
1468489,Relatório 1468489 - Aplicação dos recursos arrecadados nas atividades finalísticas x disponibilidades do Sesi-SP,1,3,0,2024-07-22,2024,3,26,0,0,0,1,1,1,1,0,1,0,0,1,0,0,1
1467975,Relatório 1467975 - Aplicação dos recursos arrecadados nas atividades finalísticas x disponibilidades do Sesc-SP,1,3,0,2024-07-22,2024,3,26,0,1,0,1,1,1,1,0,0,1,0,0,1,0,1
1113017,Relatório nº 1113017 - Aplicação de recursos do Fundo Nacional de Assistência Social (FNAS) pela Prefeitura de Simões (PI),3,99,1,2024-07-26,2024,3,17,0,1,0,1,1,1,1,0,1,1,0,1,1,0,1
1413739,Consolidação dos trabalhos de avaliação do resultado de controle de qualidade dos pavimentos asfálticos na Codevasf.,1,3,1,2024-07-26,2024,3,4,0,0,0,1,1,1,1,0,0,0,0,1,0,1,1
1298432,Relatório 1298432 - Aquisição de insumos para o Hospital Federal dos Servidores do Estado (RJ),1,1,0,2024-07-29,2024,3,19,0,0,0,1,1,1,1,0,1,1,0,1,1,1,1
1358752,Relatório de Avaliação nº 1358752 - Autoridade Portuária de Santos S.A. - APS - Contratos de arrendamento do Porto de Santos,1,3,0,2024-07-29,2024,3,26,0,0,0,1,1,0,1,0,1,0,0,0,0,0,1
1300627,Avaliação do processo de contratações existentes no âmbito da Funasa/Suest-RN.,1,3,0,2024-07-29,2024,3,20,0,1,0,1,1,1,1,0,1,1,0,1,1,1,1
1619118,Relatório 1619118 - Aquisição de medicamentos pelo município de Japeri (RJ) com utilização de recursos federais,1,1,0,2024-07-29,2024,3,19,0,0,0,1,0,1,1,0,0,0,0,1,0,0,1
1536592,Relatório 1536592 - Contratação para instalação e manutenção de persianas na Universidade Federal de Santa Maria (UFSM),1,1,0,2024-07-29,2024,3,23,0,1,0,1,1,1,1,0,1,1,0,1,0,0,1
1544352,Relatório de Apuraçao nº 1544352 - INFRAERO - Gestão de Contas e Logs em Sistemas Específicos,3,99,0,2024-07-29,2024,3,7,0,1,0,1,0,1,1,0,0,0,0,1,0,0,1
1545078,Apuração das quantidades estimadas definidas no processo nº 33374.153212/2019-18 do Hospital Federal de Bonsucesso,3,99,0,2024-07-29,2024,3,19,0,0,0,1,0,0,1,1,0,0,0,1,1,1,1
1518511,Relatório 1518511 - Contratação de serviços de vigilância para a Universidade Federal de São Paulo (Unifesp),1,1,0,2024-07-29,2024,3,26,0,0,0,1,1,1,1,0,1,0,0,1,1,1,1
1501038,Relatório 1501038 - Auditoria Anual de Contas (2023) no Ministério da Educação (MEC),1,5,0,2024-07-29,2024,3,7,0,1,0,1,1,1,1,0,1,1,0,1,1,1,1
1356864,Relatório 1356864 - Governança e gestão atuarial e da política de investimentos da Funpresp-Exe,1,3,0,2024-07-29,2024,3,7,0,0,0,1,1,1,1,0,1,0,0,1,1,1,1
1356870,Relatório 1356870 - Doação de veículos e máquinas pesadas - CODEVASF,1,3,0,2024-07-29,2024,3,7,0,1,0,1,1,1,1,0,0,1,0,1,1,0,1
1620256,Relatório 1620256 - Contratação de produção e distribuição local de refeições para o restaurante universitário da UFJ,1,1,0,2024-07-30,2024,3,9,0,0,0,1,0,0,1,0,0,0,0,1,1,0,1
1522424,"Relatório 1522424 - Aquisição de máquinas, ferramentas, utensílios de oficina e outros materiais para o IFSP",1,1,0,2024-07-30,2024,3,26,0,1,0,1,1,1,1,0,1,1,0,1,0,0,1
1110558,Relatório 1110558 - Atuação da ANP na autorização de revenda e na fiscalização dos atacadistas de GLP no Rio de Janeiro (RJ),1,3,0,2024-08-20,2024,3,19,0,0,0,1,1,1,1,0,0,0,0,1,1,1,1
855195,Relatório de Auditoria sobre CFEM nº 855195,1,3,0,2024-08-20,2024,3,7,0,1,0,1,1,1,1,0,1,1,0,1,0,0,1
1546897,Relatório 1546897 - Contratação de Serviços de Manutenção em trecho da Rodovia BR-158/MT,1,1,0,2024-08-20,2024,3,13,0,0,0,1,0,1,1,0,0,0,0,1,0,0,1
1542481,Publicação - Análise de Licitaçao número 13/2023 da UASG 173039 - MF-SUSEP-SUPERINT.DE SEGUROS PRIVADOS/RJ,1,1,0,2024-08-20,2024,3,19,0,1,0,1,1,1,1,0,1,1,0,1,0,0,1
1367782,Relatório 1367782 - Imóveis ociosos da Superintendência do Patrimônio da União na Bahia (SPU/BA),1,3,0,2024-08-20,2024,3,22,0,1,0,1,1,1,1,0,0,0,0,1,0,0,1
1352274,Relatório nº 1352274 - Avaliação dos benefícios de adicional de qualificação na APF,1,3,0,2024-08-20,2024,3,7,0,1,0,1,1,1,1,0,1,1,0,1,1,1,1
1367509,Relatório 1367509 - Destinação de imóveis ociosos - Superintendência do Patrimônio da União em Pernambuco (SPU/PE),1,3,0,2024-08-20,2024,3,16,0,0,0,1,1,1,1,0,0,1,0,0,1,0,1
1325503,Relatório 1325503 - Contratação de manutenção e assistência técnica para equipamentos do IFPI,1,1,0,2024-08-21,2024,3,17,0,0,0,1,1,1,1,0,0,1,0,1,1,0,1
1113009,Relatório de Apuração 1113009 - Implantação de melhorias sanitárias domiciliares no município de Simões/PI,3,99,0,2024-08-21,2024,3,17,0,0,0,1,1,1,1,0,1,0,0,1,1,0,1
1542440,Relatório de Consultoria nº 1542440 - Infra S.A. - Análise preventiva de contratações de Engenharia Consultiva.,2,3,0,2024-08-21,2024,3,7,0,0,0,1,0,0,1,0,0,0,0,0,0,1,1
1631706,"Relatório 1631706 - Contratação de serviços de limpeza, asseio, conservação predial e copeiragem para a PF em SP",1,1,0,2024-08-21,2024,3,26,0,0,0,1,0,1,1,0,0,0,0,1,0,0,1
1623929,Relatório 1623929 - Análise da Licitação 90008/2024 da Universidade Federal do Rio Grande / RS,1,1,0,2024-08-21,2024,3,23,0,0,0,1,1,1,1,0,0,1,0,1,0,1,1
1557221,Relatório 1557221 - Contratação de sistema de gestão em saúde pela Prefeitura de Itapeva (SP),3,99,0,2024-08-21,2024,3,26,0,0,0,1,1,1,1,0,1,1,0,1,0,0,1
1495748,Relatório 1495748 - Contratação de consultores pela Agência para o Desenvolvimento da Atenção Primária à Saúde - ADAPS,3,99,0,2024-08-21,2024,3,7,0,1,0,1,1,1,1,0,0,0,1,1,0,1,1
1360598,Relatório de Avaliação nº 1360598 - EBSERH - Segurança da Informação e Lei Geral de Proteção de Dados (LGPD),1,3,0,2024-08-21,2024,3,7,0,1,0,1,1,0,1,0,1,0,1,1,0,0,1
1499969,Relatório 1499969 - Programas de sustentabilidade ambiental da Universidade Federal do Oeste da Bahia (UFOB),1,3,0,2024-08-21,2024,3,5,0,1,0,1,1,1,1,0,1,1,0,1,1,0,1
1368175,Relatório de Avaliação nº 1368175 - ECT - Segurança da Informação e Lei Geral de Proteção de Dados (LGPD),1,3,0,2024-08-21,2024,3,7,0,1,0,1,1,1,1,0,1,1,0,1,0,0,1
1355532,Relatório 1355532- Auditoria Anual de Contas (2023) na Caixa Econômica Federal,1,5,0,2024-08-21,2024,3,7,0,1,0,1,1,1,1,0,0,0,1,1,1,0,1
1355517,Relatório 1355517 - Auditoria Anual de Contas (2023) no Banco Nacional de Desenvolvimento Econômico e Social (BNDES),1,5,0,2024-08-21,2024,3,7,0,1,0,1,1,0,1,0,0,0,0,1,1,0,1
1355320,Relatório 1355320 - Auditoria Anual de Contas (2023) no Banco do Brasil,1,5,0,2024-08-21,2024,3,7,0,1,0,1,1,1,1,0,0,0,1,1,0,0,1
1372216,Relatório 1372216- Auditoria Anual de Contas (2023) na Petrobras,1,5,0,2024-08-21,2024,3,19,0,0,0,1,1,1,1,0,0,0,0,0,0,0,1
1366400,Relatório 1366400 - Aplicação de recursos do Fundeb e do FNDE pelo município de Parintins (AM),3,99,0,2024-08-21,2024,3,3,0,1,0,1,1,1,1,1,1,1,0,1,0,0,1
1112327,Relatório 1112327 - Regulação da educação profissional: Catálogo Nacional de Cursos Técnicos (CNCT),1,3,1,2024-08-23,2024,3,26,0,1,0,1,1,1,1,0,0,1,0,1,0,0,1
1356973,Relatório 1356973 - Participação do Cemaden no Programa de Gestão de Riscos e Respostas a Desastres,1,3,1,2024-08-30,2024,3,26,0,1,0,1,1,1,1,1,1,1,0,1,0,0,1
1358321,"Relatório 1469011 - Obras de Prevenção de Desastres (cheias, drenagem e encostas) - Sedec/MDR",1,3,1,2024-08-30,2024,3,7,0,1,0,1,1,1,1,0,1,1,0,1,1,0,1
1450020,Relatório 1450020 - Gestão de protocolos regulatórios da Secretaria de Supervisão e Regulação do Ensino Superior (SERES/MEC),1,3,1,2024-09-06,2024,3,7,0,0,0,1,1,1,1,0,1,1,1,1,0,0,1
1112696,Relatório 1112696 - Programa Nacional de Assistência Estudantil (Pnaes) - Universidade Federal do Piauí (UFPI),1,3,1,2024-09-06,2024,3,17,0,1,0,1,1,1,1,0,1,1,0,1,1,0,1
1356032,Relatório 1356032 - Reforço estrutural de ponte no município de São Vicente (SP),1,3,0,2024-09-09,2024,3,26,0,1,0,1,1,1,1,0,0,1,1,1,0,1,1
906312,Relatório 906312 - Exploração de áreas portuárias - Contratos de Transição,1,3,1,2024-09-09,2024,3,7,0,0,0,1,1,1,1,0,1,1,0,1,0,1,1
1112766,Relatório 1112766 - Execução do Programa Nacional do Livro e do Material Didático (PNLD) no estado do RJ,1,3,1,2024-09-09,2024,3,7,0,1,0,1,0,1,1,0,0,1,0,1,0,1,1
1642112,"Relatório 1642112 - Aquisição de material hospitalar pelo Instituto Nacional de Saúde da Mulher, da Criança e do Adolescente Fernandes Figueira (IFF/Fiocruz)",1,1,0,2024-09-09,2024,3,19,0,0,0,1,0,0,1,0,0,0,0,1,0,0,1
1623029,Relatório 1623029 - Locação de aeronaves pela Fundação Nacional dos Povos Indígenas (Funai),1,1,0,2024-09-09,2024,3,7,0,0,0,1,0,1,1,0,1,1,0,1,1,0,1
1619473,"Relatório 1619473 - Contratação de manutenção para as rodovias BR-020, BR-070, BR-080 e BR-251 pelo DNIT/GO-DF",1,1,0,2024-09-09,2024,3,9,0,0,0,1,0,1,1,0,1,1,0,1,1,0,1
1612301,Relatório 1612301 - Aquisição de materiais e equipamentos para utilização nas ações de comunicação do IFSul,1,1,0,2024-09-09,2024,3,23,0,0,0,1,0,1,1,0,0,0,0,1,0,0,1
1607186,Relatório 1607186 - Aquisição de equipamentos para segurança de TI no IFSC,1,1,0,2024-09-09,2024,3,24,0,0,0,1,0,0,1,0,0,0,0,1,0,0,1
1464741,Relatório 1464741 - Contratação e execução de serviços de apoio às atividades de desapropriação no âmbito do DNIT/SC,3,99,0,2024-09-09,2024,3,24,0,1,0,1,1,1,0,0,0,0,0,1,0,1,1
1530457,Relatório 1530457 - Empréstimo do BIRD para aplicação no Projeto de Assistência Técnica dos Setores de Energia e Mineral,1,2,0,2024-09-09,2024,3,7,0,1,0,1,1,1,1,0,1,0,0,1,1,1,1
1530521,Relatório 1530521 - Parceria com Organização Internacional de Madeiras Tropicais (OIMT): manejo sustentável de florestas na Amazônia,1,2,0,2024-09-09,2024,3,14,0,1,0,1,1,1,1,0,0,0,0,1,0,0,1
1492205,Relatório 1492205 - Aplicação dos recursos do Programa Nacional de Alimentação Escolar (PNAE) pelo município de Ivinhema (MS),3,99,0,2024-09-09,2024,3,12,0,1,0,1,1,1,1,0,0,1,0,1,0,0,1
1534075,Relatório 1534075 - Contratação de serviço de apoio a estudantes do IFSP com necessidades educativas especiais,1,1,0,2024-09-09,2024,3,26,0,0,0,1,1,1,1,0,0,0,0,1,1,0,1
1355943,Relatório 1355943 - Aquisição de trens para linhas da Companhia Paulista de Trens Metropolitanos (CPTM),1,3,1,2024-09-09,2024,3,26,0,1,0,1,0,0,1,0,0,0,0,0,0,1,1
1486520,Relatório 1486520 - Contratação e execução de obras para modernização da rodovia AM-010,1,3,0,2024-09-09,2024,3,3,0,0,0,1,1,1,1,0,1,1,1,1,1,1,1
1108900,Relatório 1108900 - Gestão de contratações da Codevasf no estado de Pernambuco (PE),1,3,0,2024-09-11,2024,3,16,0,1,0,1,1,1,1,1,1,1,1,1,0,0,1
1356595,Relatório 1356595 - Adoção de boas práticas regulatórias em órgãos e entidades reguladores federais,1,3,0,2024-09-12,2024,3,7,0,1,0,1,1,1,1,0,1,1,1,1,1,1,1
1151940,Relatório 1151940 - Acumulação de cargos e empregos públicos por docentes da Universidade Federal de Pernambuco (UFPE),1,3,0,2024-09-12,2024,3,16,0,1,0,1,1,1,1,0,1,1,0,1,0,0,1
1092030,Relatório 1092030 - Gestão e fiscalização das concessões em unidades de conservação federais: Parque Nacional da Chapada dos Veadeiros (GO),1,3,1,2024-09-17,2024,3,7,1,1,0,1,1,1,1,0,1,1,1,1,1,0,1
1392325,Relatório 1392325 - Gestão e fiscalização das concessões em unidades de conservação federais: florestas e parques nacionais,1,3,1,2024-09-17,2024,3,7,0,1,0,1,1,1,1,0,1,0,0,1,1,0,0
1442014,Relatório 1442014 - Gestão e fiscalização das concessões em unidades de conservação federais: Floresta Nacional de São Francisco de Paula (RS),1,3,1,2024-09-17,2024,3,23,0,1,0,1,1,1,1,0,1,0,0,1,0,0,1
1442019,Relatório 1442019 - Gestão e fiscalização das concessões em unidades de conservação federais: Floresta Nacional de Canela (RS),1,3,1,2024-09-17,2024,3,23,0,1,0,1,1,1,1,0,1,0,0,1,0,0,1
1441993,Relatório 1441993 - Gestão e fiscalização das concessões em unidades de conservação federais: Parque Nacional do Itatiaia (RJ),1,3,1,2024-09-17,2024,3,7,0,1,0,1,0,1,1,0,0,0,0,1,0,0,1
1358288,Relatório 1358288 - Gestão e fiscalização das concessões em unidades de conservação federais: Parque Nacional do Pau Brasil (BA),1,3,1,2024-09-17,2024,3,5,0,0,0,1,1,1,1,0,1,0,0,1,1,0,1
1358238,Relatório 1358238 - Gestão e fiscalização das concessões em unidades de conservação federais: Parques Nacionais de Aparados da Serra (RS) e da Serra Geral (SC),1,3,1,2024-09-17,2024,3,23,0,1,0,1,1,1,1,0,0,0,0,1,0,0,1
1358312,Relatório 1358312 - Gestão e fiscalização das concessões em unidades de conservação federais: Parque Nacional Marinho de Fernando de Noronha (PE),1,3,1,2024-09-17,2024,3,16,0,1,0,1,1,1,1,0,1,1,0,1,0,0,1
1358254,Relatório 1358254 - Gestão e fiscalização das concessões em unidades de conservação federais: Parque Nacional da Tijuca (RJ),1,3,1,2024-09-17,2024,3,19,0,1,0,1,1,1,1,0,1,1,0,1,0,0,1
1358271,Relatório 1358271 - Gestão e fiscalização das concessões em unidades de conservação federais: Parque Nacional do Iguaçu (PR),1,3,1,2024-09-17,2024,3,18,0,1,0,1,1,1,1,0,1,0,1,1,0,1,1
1350557,Relatório 1350557 - Gestão e segurança dos serviços de computação em nuvem contratados pelo governo federal,1,3,0,2024-09-18,2024,3,7,0,1,0,1,1,1,1,1,1,1,1,1,1,0,1
1092238,Relatório 1092238 - Gestão dos recursos do Fundo para o Desenvolvimento Tecnológico das Telecomunicações (Funttel),1,3,1,2024-09-18,2024,3,7,0,1,0,1,1,1,1,0,1,0,1,1,0,0,1
1338372,Relatório 1338372 - Valoração para concessão do Lote 6 das Rodovias Integradas do Paraná (PR),1,3,1,2024-09-18,2024,3,7,0,1,0,1,1,1,1,0,0,1,0,1,1,1,1
1516824,Relatório 1533513 - Plano de Ação do Pacto Nacional de Prevenção aos Feminicídios,2,3,1,2024-09-18,2024,3,7,0,0,0,1,1,1,1,0,1,1,1,1,1,0,1
1352486,Relatório 1352486 - Pagamentos de abono de permanência na administração pública federal,1,3,0,2024-09-18,2024,3,7,0,0,0,1,1,1,1,0,1,0,0,1,1,0,1
1399941,Relatório 1399941 - Gestão do rateio de despesas de permissionários e concessionários da Companhia de Entrepostos e Armazéns Gerais de São Paulo (Ceagesp),3,99,0,2024-09-19,2024,3,26,0,0,0,1,1,1,1,0,0,0,0,1,0,0,1
993518,Relatório 993518 - Investimentos na ampliação da infraestrutura aeroportuária do Rio Grande do Sul (RS),1,3,1,2024-09-19,2024,3,23,0,1,0,1,1,1,1,0,1,0,0,1,0,1,1
1606394,Relatório 1606394 - Contratação de serviço de vigilância ostensiva armada para SENAI/SE e SESI/SE,3,99,0,2024-09-19,2024,3,25,0,0,0,1,1,1,1,0,0,1,0,1,0,0,1
1479189,Relatório 1479189 - Auditoria Anual de Contas - Ministério da Saúde - Exercício 2023,1,5,0,2024-09-19,2024,3,7,0,1,0,1,1,1,1,0,1,1,0,1,1,1,1
1358060,Relatório 1358060 - Preservação do patrimônio cultural das cidades históricas no âmbito do PAC: Minas Gerais (MG),1,3,0,2024-09-19,2024,3,11,0,1,0,1,1,1,1,0,1,1,0,1,0,1,1
1504559,Relatório 1504559 - Fidedignidade das informações contidas no Sistema de Informações sobre Orçamento Público em Educação (Siope),1,3,0,2024-09-19,2024,3,7,0,0,0,1,1,1,1,0,0,0,0,1,1,0,1
1459646,"Relatório 1348647 - Estudos de Viabilidade Técnica, Econômica e Ambiental (EVTEA) em empreendimentos rodoviários do DNIT",1,3,0,2024-09-19,2024,3,9,0,1,0,1,1,1,1,0,0,0,0,1,0,0,1
1089692,Relatório 1089692 - Consolidação de assentamentos no âmbito da reforma agrária,1,3,1,2024-09-20,2024,3,1,0,1,0,1,1,1,1,0,1,0,1,1,1,0,1
1677239,Relatório 1677239 - Contratação de manutenção da BR-230 pelo DNIT/PA: divisa TO/PA (Trav. Rio Araguaia a Trav. de Altamira),1,1,0,2024-09-24,2024,3,14,0,1,0,1,1,0,1,0,0,1,0,1,0,0,1
1610773,Relatório 1610773 - Contratação de manutenção da BR-230 pelo DNIT/PA: divisa TO/PA - divisa PA/AM,1,1,0,2024-09-24,2024,3,14,0,1,0,1,1,0,1,0,1,1,0,1,0,0,1
1606518,Relatório 1606518 - Contratação de serviço de impressão para diagnóstico de saúde no Hospital das Clínicas da UFPE,1,1,0,2024-09-24,2024,3,16,0,0,0,1,0,0,1,0,0,0,0,1,0,0,1
1581088,"Relatório 1581088 - Contratação de serviços de apoio do Hospital de Ensino Dr. Washington Antônio Barros (Univasf, PE)",1,1,0,2024-09-24,2024,3,16,0,0,0,1,1,1,1,0,0,0,0,1,0,0,1
1638879,Relatório 1638879 - Aquisição de medicamentos pelo Instituto Nacional de Cardiologia,1,1,0,2024-09-25,2024,3,19,0,0,0,1,1,0,1,0,1,0,0,1,0,0,1
1618868,Relatório 1618868 - Contratação de pavimentação da rodovia BR -285 pelo DNIT/SC,1,1,0,2024-09-25,2024,3,24,0,0,0,1,1,1,1,0,0,1,0,1,0,0,1
1616460,Relatório 1616460 - Contratação de serviços para Central de Atendimento à Mulher,1,1,0,2024-09-25,2024,3,7,0,0,0,1,1,1,1,0,0,0,0,1,0,0,1
1410999,"Relatório 1410999 - Imóveis da União: disponibilidade, demandas e destinação",1,3,0,2024-10-07,2024,3,7,0,1,0,1,1,1,1,1,1,1,0,1,0,0,1
1287688,Relatório 1287688 - Regularização de débitos tributários: parcelamento e transação fiscal,1,3,1,2024-10-08,2024,3,7,0,1,0,1,1,1,1,0,1,1,1,1,1,1,1
1111112,Relatório 1111112 - Aplicação de recursos do Fundo Nacional de Saúde no município de Lagarto (SE),3,99,0,2024-10-09,2024,3,25,0,1,0,1,1,1,1,0,0,1,0,1,0,0,1
964527,Relatório 964527 - Aquisição de testes rápidos para detecção de Covid em Coração de Maria (BA),3,3,0,2024-10-09,2024,3,5,0,0,0,1,0,1,1,0,0,1,0,1,0,0,1
964848,Relatório 964848 - Aquisição de testes rápidos para detecção de Covid em Serrinha (BA),3,3,0,2024-10-09,2024,3,5,0,0,0,1,0,1,1,0,1,1,0,1,0,0,1
958957,Relatório 958957 - Construção do Centro de Especialidades Médicas em Castro (PR),1,3,0,2024-10-09,2024,3,18,0,0,0,1,1,1,1,1,1,1,0,1,1,1,1
881201,Relatório 881201 - Construção do Hospital Regional em Pitanga (PR),1,3,0,2024-10-09,2024,3,18,0,1,0,1,1,1,1,1,1,1,0,0,1,0,1
881254,Relatório 881254 - Construção do Hospital Geral Intermunicipal em Francisco Beltrão (PR),1,3,0,2024-10-09,2024,3,18,0,1,0,1,1,1,1,0,0,0,0,1,1,0,1
1503989,Relatório 1503989 - Aplicação de recursos federais na contratação de transporte para a Secretaria Municipal de Saúde de Governador Mangabeira (BA),3,99,0,2024-10-09,2024,3,5,0,0,0,1,1,1,1,1,1,1,0,0,0,1,1
1362400,Relatório 1362400 - Aplicação de recursos do Fundeb em reformas de escolas no município de Queimada Nova (PI),3,99,0,2024-10-09,2024,3,17,0,0,0,1,0,1,1,0,0,0,0,0,1,0,1
950878,Auditoria nº 950878 - Contrato de Repasse nº 0402820-23 (Siafi 674180),3,3,1,2024-10-21,2024,3,15,0,1,0,1,1,1,1,0,1,0,0,1,1,1,1
1601796,Relatório 1601796 - Locação centralizada de mobiliário corporativo,1,3,0,2024-10-21,2024,3,7,0,1,0,1,1,1,1,0,1,1,0,1,0,0,1
1510875,Relatório 1510875 - Análise da Licitação DNIT RDC Eletrônico nº 382/2023 - BR-156/AP (lote 3),1,1,0,2024-10-21,2024,3,7,0,0,0,1,0,1,1,0,1,0,0,1,1,0,1
1506527,Relatório 1506527 - Contratação dos serviços de construção da Escola Nacional de Infraestrutura do DNIT,1,1,0,2024-10-21,2024,3,7,0,0,0,1,1,1,1,0,0,1,0,1,1,0,1
1450450,Publicação - SFC - CGUPE - Governança das Aquisições,1,3,0,2024-10-21,2024,3,16,0,1,0,1,1,1,1,0,1,1,1,1,1,1,1
1113165,Relatório 1113165 - Execução do sistema adutor de água Bocaina/Piaus II no Piauí (PI),1,3,1,2024-10-22,2024,3,17,0,1,0,1,1,1,1,0,1,1,0,1,0,0,1
1678161,Relatório 1678161 - Análise da Licitação 90033/2024 da Fundação Universidade Federal de Mato Grosso do Sul (FUFMS),1,1,0,2024-10-23,2024,3,12,0,0,0,1,0,0,1,0,0,0,0,1,0,0,1
1578997,Relatório 1578997 - Análise da Licitação90001/2024 da Fundação Universidade Federal de Mato Grosso do Sul,1,1,0,2024-10-23,2024,3,12,0,1,0,1,1,1,1,0,0,0,0,1,1,1,1
1358174,Publicação - Sandbox Regulatório nas Agências Reguladoras Federais,1,3,0,2024-10-23,2024,3,7,0,0,0,1,1,1,1,0,1,1,1,1,1,1,1
1371826,Relatório 1351337 - Gestão de riscos na atividade de proteção dos territórios indígenas,1,3,0,2024-10-23,2024,3,7,0,1,0,1,1,1,1,0,0,0,1,1,1,0,1
1208143,Relatório 1208143 - Contratações de entidades pela UFSCar: acompanhamento da execução e análise das prestações de contas,1,3,0,2024-10-23,2024,3,26,0,1,0,1,1,1,1,0,1,1,0,1,0,1,1
1369391,Relatório 1369391 - Regulação dos serviços de saúde ambulatoriais de média e alta complexidade em Recife (PE),1,3,0,2024-10-23,2024,3,16,0,1,0,1,1,1,1,0,1,1,1,1,0,0,1
1645237,"Relatório 1645237 - Contratação de tratamento arquivístico para acervo documental de MAPA, MDA e MPA",1,1,1,2024-10-29,2024,3,7,0,0,0,1,1,1,1,0,0,0,0,1,0,0,1
1381151,Relatório 1381151 - Regulação dos serviços de saúde ambulatoriais de média e alta complexidade em Porto Alegre (RS),1,3,0,2024-11-04,2024,3,14,0,1,0,1,1,1,1,0,1,1,0,1,0,1,1
1463442,Relatório 1463442 - Integração do Centro de Referência em Oftalmologia da UFG à rede municipal de saúde de Goiânia (GO),1,3,0,2024-11-04,2024,3,9,0,1,0,1,1,1,1,0,1,1,1,1,1,1,1
825713,Relatório 825713 - Aplicação de recursos do MAPA na adequação de estradas vicinais em Massapê do Piauí (PI),3,3,1,2024-11-08,2024,3,17,0,0,0,1,0,1,1,0,1,0,0,0,1,0,1
1729694,Relatório Técnico - Emendas parlamentares (RP 8 e RP 9) destinadas a municípios: etapa 1 (ADPF 854),1,6,0,2024-11-19,2024,3,4,0,0,0,1,1,1,1,0,1,1,1,0,0,0,1
1631537,Relatório 1631537 - Contratação de serviços de limpeza e conservação para o Hospital Federal dos Servidores do Estado (RJ),3,3,0,2024-11-19,2024,3,19,0,1,0,1,1,1,1,0,0,0,1,1,0,0,1
1354517,Relatório 1354517 - Impacto do uso do orçamento sigiloso e dos modos de disputa nas aquisições de bens,1,3,0,2024-11-19,2024,3,7,0,1,0,1,1,1,1,0,1,1,0,1,1,0,1
1714512,Relatório 1714512 - Emendas parlamentares destinadas ao Instituto de Políticas Públicas Brasil Digital (ADPF 854),1,3,0,2024-11-19,2024,3,7,0,1,0,1,1,1,1,1,0,0,0,0,1,0,1
1404923,Relatório 1404923 - Regulação dos serviços de saúde ambulatoriais de média e alta complexidade em Aracaju (SE),1,3,0,2024-11-19,2024,3,14,0,1,0,1,1,1,1,1,1,0,0,1,1,0,1
1714538,Relatório 1714538 - Emendas parlamentares destinadas ao Instituto Servir e Qualificar Chaya (ADPF 854),1,3,0,2024-11-19,2024,3,19,0,1,0,1,1,1,1,0,0,0,0,1,1,1,1
1714519,Relatório 1714519 - Emendas parlamentares destinadas ao Instituto Fair Play (ADPF 854),1,3,0,2024-11-19,2024,3,19,0,1,0,1,1,1,1,0,0,0,0,0,0,0,1
1714528,Relatório 1714528 - Emendas parlamentares destinadas ao Instituto Léo Moura Sports (ADPF 854),1,3,0,2024-11-19,2024,3,19,0,1,0,1,1,1,1,0,0,0,0,1,0,0,1
1714529,Relatório 1714529 - Emendas parlamentares destinadas ao Instituto Nacional de Desenvolvimento Humano (ADPF 854),1,3,0,2024-11-19,2024,3,19,0,1,0,1,1,1,1,1,0,0,0,1,0,0,1
1714507,Relatório 1714507 - Emendas parlamentares destinadas à Fundação Pedro Américo (ADPF 854),1,3,0,2024-11-19,2024,3,15,0,1,0,1,1,1,1,0,1,1,0,1,1,0,1
1714533,Relatório 1714533 - Emendas parlamentares destinadas ao Instituto Realizando o Futuro (ADPF 854),1,3,0,2024-11-19,2024,3,19,0,1,0,1,0,1,1,0,0,0,0,0,1,0,1
1714543,Relatório 1714543 - Emendas parlamentares destinadas à ONG Con-tato Centro de Pesquisas e de Ações Sociais e Culturais (ADPF 854),1,3,0,2024-11-19,2024,3,19,0,1,0,1,1,1,1,0,0,1,0,0,0,0,1
1714549,Relatório 1714549 - Emendas parlamentares destinadas à entidade Solares - Ação Social e Cidadania (ADPF 854),1,3,0,2024-11-19,2024,3,19,0,1,0,1,1,1,1,0,0,0,1,0,0,1,1
1728323,Relatório 1728323 - Emendas parlamentares destinadas a entidades sem fins lucrativos (ADPF 854),1,3,0,2024-11-19,2024,3,7,0,1,0,1,1,1,1,1,1,1,1,1,1,1,1
1530329,Relatório 1530329 - Empréstimos do Banco Internacional para Reconstrução e o Desenvolvimento (BIRD) para apoiar a reforma do ensino médio (exercício de 2023),1,2,0,2024-11-19,2024,3,7,0,1,0,1,1,1,1,0,1,0,0,1,0,0,1
967677,Relatório 967677 - Aplicação de recursos federais pelo município de Ipirá (BA) no enfrentamento da Covid-19,3,3,0,2024-11-19,2024,3,5,0,0,0,1,0,1,1,0,0,1,0,1,0,0,1
971378,Relatório 971378 - Aplicação de recursos federais pelo município de Oliveira dos Brejinhos (BA) no enfrentamento da Covid-19,3,3,0,2024-11-19,2024,3,5,0,0,0,1,0,1,1,0,0,1,0,1,1,0,1
905275,Relatório 905275 - Aplicação de recursos federais da área da saúde no município de Sobral (CE),3,3,0,2024-11-19,2024,3,6,0,1,0,1,1,1,1,0,0,0,0,1,0,0,1
1714502,Relatório 1714502 - Emendas parlamentares destinadas à Associação Moriá (ADPF 854),1,3,0,2024-11-19,2024,3,7,0,1,0,1,1,1,1,0,0,1,0,1,1,0,1
1514799,Relatório 1514799 - Aplicação de recursos do FGTS no Fundo Garantidor de Microfinanças (FGM),1,3,0,2024-11-21,2024,3,7,0,0,0,1,1,1,1,0,1,1,1,1,1,0,1
1566029,Relatório 1566029 - Sistema Nacional de Promoção da Igualdade Racial (Sinapir): incentivo à participação e apoio à institucionalização nos entes federativos,1,3,1,2024-11-22,2024,3,7,0,1,0,1,1,1,1,0,0,1,1,1,1,0,1
1054145,Relatório 1054145 - Gestão dos reservatórios de aproveitamento hidráulico no setor elétrico: impactos dos múltiplos usos da água,1,3,1,2024-11-25,2024,3,7,0,1,0,1,1,1,1,0,1,1,1,1,1,0,1
905380,Relatório 905380 - Expansão de oferta e regulação do uso de infraestruturas essenciais para a movimentação de petróleo e derivados,1,3,1,2024-11-25,2024,3,19,0,0,0,1,1,1,1,0,1,1,0,1,1,1,1
1111330,Relatório 1111330 - Aplicação de recursos federais em serviços oftalmológicos no estado do Amazonas: contratação de clínicas médicas,3,99,0,2024-11-27,2024,3,3,0,1,0,1,1,1,1,0,1,0,0,1,1,0,1
1495955,"Relatório 1495955 - Programa Nacional de Redução das Filas de Cirurgias Eletivas, Exames Complementares e Consultas Especializadas (PNRF)",1,3,1,2024-11-27,2024,3,6,0,1,0,1,1,1,1,0,1,1,1,1,1,0,1
1357991,Relatório 1357991 - Institucionalização do Programa Escola em Tempo Integral (ETI),1,3,1,2024-11-27,2024,3,7,0,1,0,1,1,1,1,0,1,1,0,1,1,0,1
1117968,Relatório 1117968 - Aplicação de recursos federais na área de saúde do município de Pombos (PE): colaboração do Instituto de Desenvolvimento Humano (IDH),3,99,0,2024-11-27,2024,3,16,0,0,0,1,1,1,1,0,1,1,0,0,1,0,1
1412094,Relatório 1412094 - Aplicação de recursos federais na aquisição de equipamentos agrícolas pelo Governo do Acre,1,3,1,2024-11-28,2024,3,1,0,1,0,1,1,1,1,0,1,0,0,1,0,0,1
1110562,Relatório 1110562 - Gestão do armazenamento de elementos combustíveis irradiados na Eletronuclear,1,3,0,2024-11-28,2024,3,19,0,1,0,1,0,1,1,0,0,0,0,1,0,0,1
1611887,Relatório 1611887 - Armazenamento e controle de equipamentos da Universidade Federal do Amapá (Unifap),3,99,0,2024-11-29,2024,3,4,0,1,0,1,0,1,1,0,1,1,0,1,0,0,1
1729702,Relatório Técnico - Emendas parlamentares (RP 8 e RP 9) destinadas a municípios: etapa 2 (ADPF 854),1,6,0,2024-11-29,2024,3,17,0,0,0,1,1,1,1,1,1,1,1,0,1,0,1
1618870,Relatório 1618870 - Contratação de serviços administrativos para o Instituto Aggeu Magalhães (Fiocruz/PE),1,1,0,2024-11-29,2024,3,16,0,0,0,1,0,0,1,0,0,1,1,1,0,0,1
1657902,Relatório 1657902 - Contratação de serviços relacionados a eventos do Banco da Amazônia (BASA),1,1,0,2024-11-29,2024,3,14,0,1,0,1,1,0,1,0,0,0,1,0,0,1,1
1078831,Relatório 201801709 - Gestão dos serviços de limpeza e conservação na Universidade Federal do Amazonas (UFAM),1,3,0,2024-11-29,2024,3,3,0,1,0,1,1,1,1,0,0,0,0,0,1,0,1
1493588,Relatório 1493588 - Plano de Ações Articuladas (PAR) para a educação básica: consistência dos dados informados pelo Distrito Federal,1,3,1,2024-11-29,2024,3,7,0,1,0,1,1,1,1,1,1,0,1,1,0,0,1
1630564,Relatório 1630564 - Contratação da elaboração de projetos e da execução de obras na BR-381,1,1,0,2024-11-29,2024,3,7,0,0,0,1,1,1,1,0,0,1,0,1,0,1,1
1553918,Relatório 1553918 - Aquisição de aparelhos de ar-condicionado pela Universidade Federal de Mato Grosso (UFMT),1,1,0,2024-11-29,2024,3,13,0,0,0,1,1,0,1,0,0,1,0,1,0,0,1
1710361,Relatório 1710361 - Transferências especiais (emendas parlamentares) para entes federados: recursos repassados a entidades do terceiro setor (ADI 7688),1,3,0,2024-12-10,2024,3,7,0,1,0,1,1,1,1,0,1,1,1,1,1,1,1
1727494,Relatório 1727494 - Transferências especiais (emendas parlamentares) para o município de Valparaíso de Goiás (GO): recursos repassados à Associação Sócio Cultural e Desportiva do Estado de Goiás (ADI 7688),1,3,0,2024-12-10,2024,3,9,0,1,0,1,0,0,1,0,0,1,0,0,1,0,1
1713820,Relatório 1713820 - Transferências especiais (emendas parlamentares) para o município de Pelotas (RS): recursos repassados à Oficina Permanente de Técnicas Circenses (ADI 7688),1,3,0,2024-12-10,2024,3,23,0,1,0,1,1,1,1,0,0,0,0,0,1,0,1
1713642,"Relatório 1713642 - Transferências especiais (emendas parlamentares) para o município de São Paulo (SP): recursos repassados à Liga de Esportes, Esportes Radicais e Recreativos (ADI 7688)",1,3,0,2024-12-10,2024,3,26,0,1,0,1,1,1,1,0,0,1,0,1,1,0,1
1713816,Relatório 1713816 - Transferências especiais (emendas parlamentares) para o município de Porto Alegre (RS): recursos repassados ao Ypiranga Futebol Clube (ADI 7688),1,3,0,2024-12-10,2024,3,23,0,1,0,1,1,1,1,0,0,0,0,0,1,0,1
1713638,Relatório 1713638 - Transferências especiais (emendas parlamentares) para o município de Santana (AP): recursos repassados à Liga dos Blocos de Micareta e Carnaval do Município de Santana (ADI 7688),1,3,0,2024-12-10,2024,3,4,0,1,0,1,1,1,1,0,0,0,0,0,1,0,1
1713662,Relatório 1713662 - Transferências especiais (emendas parlamentares) para o município de Coração de Maria (BA): recursos repassados ao Instituto de Saúde e Educação do Nordeste (ADI 7688),1,3,0,2024-12-10,2024,3,5,0,1,0,1,1,1,1,0,0,1,1,1,1,0,1
1713799,Relatório 1713799 - Transferências especiais (emendas parlamentares) para o estado do Mato Grosso do Sul: recursos repassados à Associação da Colônia Paraguaia de Dourados (ADI 7688),1,3,0,2024-12-10,2024,3,13,0,1,0,1,1,1,1,0,0,1,0,0,0,0,1
1713813,Relatório 1713813 - Transferências especiais (emendas parlamentares) para o município de Luziânia (GO): recursos repassados à Associação Sócio Cultural e Desportiva do Estado de Goiás (ADI 7688),1,3,0,2024-12-10,2024,3,9,0,1,0,1,0,1,1,0,0,1,0,0,1,1,1
1713789,Relatório 1713789 - Transferências especiais (emendas parlamentares) para o município de Suzano (SP): recursos repassados à Associação Cultural Quântica Laboratório de Arte Contemporânea (ADI 7688),1,3,0,2024-12-10,2024,3,26,0,1,0,1,1,1,1,0,0,0,0,0,1,1,1
1714596,Relatório 1714596 - Transferências especiais (emendas parlamentares) para o município de Santana (AP): recursos repassados ao Instituto de Gestão em Desenvolvimento Social e Urbano (ADI 7688),1,3,0,2024-12-10,2024,3,4,0,1,0,1,1,1,1,0,1,1,0,0,1,1,1
1713587,Relatório 1713587 - Transferências especiais (emendas parlamentares) para o estado da Paraíba: recursos repassados à Fundação Parque Tecnológico da Paraíba (ADI 7688),1,3,0,2024-12-10,2024,3,15,0,1,0,1,1,1,1,0,0,0,0,0,1,0,1
1713623,Relatório 1713623 - Transferências especiais (emendas parlamentares) para o estado do Amapá: recursos repassados ao Instituto de Gestão em Desenvolvimento Social e Urbano (ADI 7688),1,3,0,2024-12-10,2024,3,4,0,1,0,1,1,1,1,0,1,1,1,1,1,1,1
1739948,Relatório Técnico - Emendas parlamentares de comissão (RP 8): riscos e eficiência (ADPF 854),1,6,0,2024-12-10,2024,3,7,0,0,0,1,1,1,1,0,1,1,0,0,1,0,1
1607840,Relatório 817616 - Aplicação de recursos federais na execução de barragem no estado do Piauí,1,3,0,2024-12-16,2024,3,17,0,0,0,1,1,1,1,0,1,1,0,1,1,1,1
893493,Relatório 893493 - Auxílio transporte e adicionais trabalhistas no contexto da pandemia de Covid-19: pagamentos realizados por instituições federais de ensino na Paraíba,1,3,0,2024-12-17,2024,3,15,0,1,0,1,1,1,1,0,1,1,0,1,1,1,1
1351999,Relatório 1351999 - Gratificações de desempenho pagas no âmbito do Poder Executivo Federal: governança e controles internos,1,3,0,2024-12-17,2024,3,7,0,0,0,1,1,1,1,0,1,1,0,1,1,1,1
1701099,"Relatório 1701099 - Contratação de serviços de engenharia pelo Instituto Federal de Educação, Ciência e Tecnologia de São Paulo (IFSP)",1,1,0,2024-12-17,2024,3,26,0,0,0,1,0,1,1,0,0,0,0,1,0,0,1
1644375,Relatório 1644375 - Empréstimos do Banco Internacional para Reconstrução e o Desenvolvimento (BIRD) para apoiar a reforma do ensino médio (exercício de 2023): execução no estado de Pernambuco,1,2,0,2024-12-17,2024,3,16,0,1,0,1,1,0,1,0,0,1,0,0,0,0,1
1687705,Relatório 1687705 - Contratação de serviços de produção e organização de eventos para o Instituto Brasileiro de Museus (Ibram),1,1,0,2024-12-17,2024,3,19,0,0,0,1,1,0,1,0,0,0,0,1,0,0,1
1637134,Relatório 1637134 - Contratação de serviços relacionados a projetos de engenharia da Universidade Federal do Maranhão (UFMA),1,1,0,2024-12-17,2024,3,10,0,0,0,1,0,1,1,0,0,0,0,1,0,0,1
953129,Relatório 953129 - Aquisição de testes rápidos para detecção de Covid-19 em São Francisco do Conde (BA),3,3,0,2024-12-17,2024,3,5,0,0,0,1,1,1,1,0,0,1,0,1,0,0,1
1646513,Relatório 1646513 - Contratação de licenças de softwares para design gráfico pela Central de Compras da Secretaria de Gestão e Inovação (Seges/MGI),1,1,0,2024-12-17,2024,3,7,0,0,0,1,1,1,1,0,0,0,0,1,0,0,1
1531055,Relatório 1531055 - Aplicação de recursos federais na locação de veículos para a área da saúde de Monte Santo (BA),3,3,0,2024-12-17,2024,3,5,0,0,0,1,1,1,1,1,1,0,0,0,0,0,1
1426051,Relatório 1426051 - Regulação dos serviços de saúde ambulatoriais de média e alta complexidade em Natal (RN),1,3,1,2024-12-17,2024,3,20,0,1,0,1,1,1,1,0,1,1,0,1,0,0,1
1365577,Relatório 1365577 - Regulação dos serviços de saúde ambulatoriais de média e alta complexidade em Vitória (ES),1,3,0,2024-12-17,2024,3,8,0,1,0,1,1,1,1,0,0,0,0,1,0,0,1
1630569,Relatório 1630569 - Contratação de obras na BR-262 pelo Departamento Nacional de Infraestrutura de Transporte (DNIT) no Mato Grosso do Sul,1,1,0,2024-12-17,2024,3,12,0,0,0,1,0,0,1,0,0,0,0,1,1,0,1
1525423,Relatório 1524390 - Concurso Público Nacional Unificado (CPNU): contratação da banca examinadora,2,3,0,2024-12-17,2024,3,99,0,0,0,1,1,1,1,0,0,1,0,1,1,0,1
953058,Relatório 953058 - Aquisição de testes rápidos para detecção de Covid-19 em Água Fria (BA),3,3,0,2024-12-17,2024,3,5,0,0,0,1,0,1,1,0,0,1,0,1,0,0,1
1683798,Relatório 1683798 - Contratação de manutenção para as rodovias BR-163 e BR-282 pelo Departamento Nacional de Infraestrutura de Transporte (DNIT) em Santa Catarina,1,1,0,2024-12-17,2024,3,24,0,1,0,1,1,1,1,0,0,1,0,1,0,1,1
1632530,Relatório 1632530 - Contratação de obras na BR-158 pelo Departamento Nacional de Infraestrutura de Transportes (DNIT): restauração de pista e implantação de acostamentos,1,1,0,2024-12-17,2024,3,7,0,0,0,1,1,1,1,0,0,0,0,0,0,0,1
1515213,Relatório 1504717 - Estratégia Federal de Governo Digital (EFGD) 2024-2027,2,3,0,2024-12-17,2024,3,99,0,0,0,1,1,1,1,0,0,0,0,1,1,0,1
1633421,Relatório 1633421 - Aquisição de material hospitalar pelo Governo do Acre,3,3,0,2024-12-17,2024,3,1,0,1,0,1,1,1,1,0,1,1,0,1,0,1,0
885860,Relatório 885860 - Revalidação e reconhecimento de diplomas estrangeiros na Universidade Federal de Mato Grosso (UFMT),1,3,0,2024-12-17,2024,3,13,0,0,0,1,1,0,1,0,0,0,0,0,0,0,1
906505,Relatório 906505 - Aplicação de recursos do Programa Nacional de Alimentação Escolar (PNAE) em Uruçuí (PI),3,3,0,2024-12-17,2024,3,17,0,0,0,1,1,1,1,0,1,1,0,0,0,0,1
1644378,Relatório 1644378 - Empréstimos do Banco Internacional para Reconstrução e o Desenvolvimento (BIRD) para apoiar a reforma do ensino médio (exercício de 2023): execução no estado do Piauí,1,2,0,2024-12-17,2024,3,7,0,0,0,1,1,0,1,0,0,0,0,0,0,0,1
1644369,Relatório 1644369 - Empréstimos do Banco Internacional para Reconstrução e o Desenvolvimento (BIRD) para apoiar a reforma do ensino médio (exercício de 2023): execução no estado de Mato Grosso,1,2,0,2024-12-17,2024,3,13,0,1,0,1,1,0,1,0,0,0,0,0,0,0,1
1644360,Relatório 1644360 - Empréstimos do Banco Internacional para Reconstrução e o Desenvolvimento (BIRD) para apoiar a reforma do ensino médio (exercício de 2023): execução no estado do Minas Gerais,1,2,0,2024-12-17,2024,3,11,0,1,0,1,1,0,1,0,0,0,0,0,0,0,1
1155453,Relatório 1155453 - Fundo de Compensação de Variações Salariais (FCVS): conformidade das análises realizadas pela Caixa Econômica Federal,1,3,1,2024-12-18,2024,3,7,0,0,0,1,1,0,0,0,0,1,0,1,0,1,1
1718629,"Relatório 1718629 - Contratação de desmontagem, transporte e instalação de divisórias em unidades do Ministério da Agricultura e Pecuária (MAPA)",1,1,0,2024-12-18,2024,3,7,0,0,0,1,1,1,1,0,0,0,0,0,0,0,1
1318244,"Relatório 1318244 - Almoxarifado Central do Hospital Universitário Clementino Fraga Filho (HUCFF/UFRJ): controles internos, infraestrutura e segurança patrimonial",3,99,0,2024-12-18,2024,3,19,0,1,0,1,0,1,1,0,1,0,1,1,0,0,1
1668095,Relatório 1668095 - Contratação de serviços para gerenciamento de frota da Universidade Federal do Amapá (Unifap),1,1,0,2024-12-18,2024,3,4,0,0,0,1,1,1,1,0,0,0,0,1,0,0,1
1707974,Relatório 1707974 - Locação de veículos para o Distrito Sanitário Especial Indígena Leste de Roraima (DSEI-LRR),1,1,0,2024-12-18,2024,3,22,0,0,0,1,1,1,1,0,1,0,0,1,0,0,1
906506,Relatório 906506 - Aplicação de recursos federais da área da saúde em Uruçuí (PI),3,3,0,2024-12-18,2024,3,17,0,0,0,1,1,1,1,0,0,1,0,1,0,1,1
1358710,Relatório 1358710 - Gestão dos contratos de arrendamento da Companhia Docas do Rio de Janeiro (CDRJ),1,3,0,2024-12-18,2024,3,19,0,1,0,1,1,1,1,0,1,1,1,1,0,1,1
1558745,Relatório 1558745 - Faturamento e cobrança de tarifas portuárias na Companhia Docas do Pará (CDP): gestão e mecanismos de controle,1,3,0,2024-12-18,2024,3,14,0,1,0,1,1,1,1,0,1,1,0,1,1,1,1
1555596,Relatório 1555596 - Acompanhamento das condicionalidades do Programa Bolsa Família no Rio Grande do Norte: gestão estadual,1,3,1,2024-12-19,2024,3,20,0,0,0,1,0,1,1,0,0,0,0,0,1,0,1
1555485,Relatório 1555485 - Acompanhamento das condicionalidades do Programa Bolsa Família na Bahia: gestão estadual,1,3,1,2024-12-19,2024,3,5,0,0,0,1,1,1,1,1,1,0,0,1,1,0,1
1555601,Relatório 1555601 - Acompanhamento das condicionalidades do Programa Bolsa Família em Rondônia: gestão estadual,1,3,1,2024-12-19,2024,3,21,0,0,0,1,0,1,1,0,0,0,1,0,1,0,1
1555592,Relatório 1555592 - Acompanhamento das condicionalidades do Programa Bolsa Família no Rio de Janeiro: gestão estadual,1,3,1,2024-12-19,2024,3,19,0,0,0,1,0,0,1,0,0,0,0,0,1,0,1
1555585,Relatório 1555585 - Acompanhamento das condicionalidades do Programa Bolsa Família em Pernambuco: gestão estadual,1,3,1,2024-12-19,2024,3,16,0,0,0,1,0,1,1,0,1,0,0,0,1,0,1
1555563,Relatório 1555563 - Acompanhamento das condicionalidades do Programa Bolsa Família em Minas Gerais: gestão estadual,1,3,1,2024-12-19,2024,3,11,0,0,0,1,0,1,1,0,1,0,1,0,1,0,1
1555611,Relatório 1555611 - Acompanhamento das condicionalidades do Programa Bolsa Família em Sergipe: gestão estadual,1,3,1,2024-12-19,2024,3,25,0,0,0,1,0,0,1,0,0,0,0,0,1,0,1
1555582,Relatório 1555582 - Acompanhamento das condicionalidades do Programa Bolsa Família na Paraíba: gestão estadual,1,3,1,2024-12-19,2024,3,15,0,0,0,1,0,1,1,0,0,0,0,0,1,0,1
1555513,Relatório 1555513 - Acompanhamento das condicionalidades do Programa Bolsa Família no Espírito Santo: gestão estadual,1,3,1,2024-12-19,2024,3,8,0,0,0,1,0,0,1,0,1,0,0,0,1,1,1
1555631,Relatório 1555631 - Acompanhamento das condicionalidades do Programa Bolsa Família em Santo Amaro das Brotas (SE),1,3,1,2024-12-19,2024,3,25,0,0,0,1,1,0,1,0,1,0,0,1,1,0,1
1555607,Relatório 1555607 - Acompanhamento das condicionalidades do Programa Bolsa Família em Santa Catarina: gestão estadual,1,3,1,2024-12-19,2024,3,24,0,0,0,1,1,1,1,0,0,0,0,0,1,0,1
1555481,Relatório 1555481 - Acompanhamento das condicionalidades do Programa Bolsa Família no Amazonas: gestão estadual,1,3,1,2024-12-19,2024,3,3,0,0,0,1,0,1,1,0,0,1,0,0,1,1,1
1555450,Relatório 1555450 - Acompanhamento das condicionalidades do Programa Bolsa Família no Amapá: gestão estadual,1,3,1,2024-12-19,2024,3,4,0,0,0,1,0,1,1,0,0,0,0,0,1,0,1
1555589,Relatório 1555589 - Acompanhamento das condicionalidades do Programa Bolsa Família no Piauí: gestão estadual,1,3,1,2024-12-19,2024,3,17,0,0,0,1,0,0,1,0,0,0,0,0,1,0,1
1555599,Relatório 1555599 - Acompanhamento das condicionalidades do Programa Bolsa Família no Rio Grande do Sul: gestão estadual,1,3,1,2024-12-19,2024,3,23,0,0,0,1,0,0,1,0,1,0,0,1,1,0,1
1555526,Relatório 1555526 - Acompanhamento das condicionalidades do Programa Bolsa Família no Maranhão: gestão estadual,1,3,1,2024-12-19,2024,3,10,0,0,0,1,0,0,1,0,0,0,0,0,1,0,1
1555612,Relatório 1555612 - Acompanhamento das condicionalidades do Programa Bolsa Família no Tocantins: gestão estadual,1,3,1,2024-12-19,2024,3,27,0,0,0,1,1,1,1,0,1,1,0,0,1,1,1
1555570,Relatório 1555570 - Acompanhamento das condicionalidades do Programa Bolsa Família no Pará: gestão estadual,1,3,1,2024-12-19,2024,3,14,0,0,0,1,0,1,1,0,0,0,0,1,1,0,1
1555520,Relatório 1555520 - Acompanhamento das condicionalidades do Programa Bolsa Família em Goiás: gestão estadual,1,3,1,2024-12-19,2024,3,9,0,0,0,1,0,1,1,0,0,0,0,1,1,1,1
1555515,Relatório 1555515 - Acompanhamento das condicionalidades do Programa Bolsa Família no Ceará: gestão estadual,1,3,1,2024-12-19,2024,3,6,0,0,0,1,0,0,1,0,0,0,0,0,1,0,1
1555488,Relatório 1555488 - Acompanhamento das condicionalidades do Programa Bolsa Família em Palmas (TO),1,3,1,2024-12-19,2024,3,27,0,0,0,1,1,0,1,0,1,1,0,1,1,0,1
1555635,Relatório 1555635 - Acompanhamento das condicionalidades do Programa Bolsa Família em Colméia (TO),1,3,1,2024-12-19,2024,3,27,0,0,0,1,1,1,1,0,1,1,0,1,1,0,1
1555633,Relatório 1555633 - Acompanhamento das condicionalidades do Programa Bolsa Família em Reginópolis (SP),1,3,1,2024-12-19,2024,3,26,0,0,0,1,1,1,1,0,0,1,0,0,1,1,1
1555627,Relatório 1555627 - Acompanhamento das condicionalidades do Programa Bolsa Família em Rio do Oeste (SC),1,3,1,2024-12-19,2024,3,24,0,0,0,1,1,1,1,0,0,0,0,0,1,0,1
1555628,Relatório 1555628 - Acompanhamento das condicionalidades do Programa Bolsa Família em Brusque (SC),1,3,1,2024-12-19,2024,3,24,0,0,0,1,1,1,1,0,0,0,0,0,1,0,1
1555620,Relatório 1555620 - Acompanhamento das condicionalidades do Programa Bolsa Família em Cacaulândia (RO),1,3,1,2024-12-19,2024,3,21,0,0,0,1,1,0,1,0,0,0,0,1,1,0,1
1555617,Relatório 1555617 - Acompanhamento das condicionalidades do Programa Bolsa Família em Porto Velho (RO),1,3,1,2024-12-19,2024,3,21,0,0,0,1,1,0,1,0,0,0,0,1,1,0,1
1555621,Relatório 1555621 - Acompanhamento das condicionalidades do Programa Bolsa Família em Uiramutã (RR),1,3,1,2024-12-19,2024,3,22,0,0,0,1,1,1,1,0,0,0,0,0,1,0,1
1555629,Relatório 1555629 - Acompanhamento das condicionalidades do Programa Bolsa Família em Nossa Senhora do Socorro (SE),1,3,1,2024-12-19,2024,3,25,0,0,0,1,1,1,1,0,0,1,0,0,1,0,1
1555619,Relatório 1555619 - Acompanhamento das condicionalidades do Programa Bolsa Família em Parnamirim (RN),1,3,1,2024-12-19,2024,3,20,0,0,0,1,1,1,1,0,1,0,0,0,1,0,1
1555614,Relatório 1555614 - Acompanhamento das condicionalidades do Programa Bolsa Família em Boa Vista (RR),1,3,1,2024-12-19,2024,3,22,0,0,0,1,1,1,1,0,0,0,0,1,1,1,1
1558628,Relatório 1558628 - Acompanhamento das condicionalidades do Programa Bolsa Família em Porto Alegre (RS),1,3,1,2024-12-19,2024,3,23,0,0,0,1,1,1,1,0,1,0,0,0,1,0,1
1555624,Relatório 1555624 - Acompanhamento das condicionalidades do Programa Bolsa Família em Itaqui (RS),1,3,1,2024-12-19,2024,3,23,0,0,0,1,1,1,1,0,0,0,0,0,1,0,1
1555625,Relatório 1555625 - Acompanhamento das condicionalidades do Programa Bolsa Família em Canoas (RS),1,3,1,2024-12-19,2024,3,23,0,0,0,1,1,0,1,0,0,0,0,0,1,0,1
1555618,Relatório 1555618 - Acompanhamento das condicionalidades do Programa Bolsa Família em Marcelino Vieira (RN),1,3,1,2024-12-19,2024,3,20,0,0,0,1,1,1,1,0,0,0,0,0,1,0,1
1558624,Relatório 1558624 - Acompanhamento das condicionalidades do Programa Bolsa Família em Novo Itacolomi (PR),1,3,1,2024-12-19,2024,3,18,0,0,0,1,1,0,1,0,0,1,0,0,1,0,1
1555595,Relatório 1555595 - Acompanhamento das condicionalidades do Programa Bolsa Família em Bom Jesus (PI),1,3,1,2024-12-19,2024,3,17,0,0,0,1,1,1,1,0,0,0,0,0,1,0,1
1555610,Relatório 1555610 - Acompanhamento das condicionalidades do Programa Bolsa Família em Miguel Pereira (RJ),1,3,1,2024-12-19,2024,3,19,0,0,0,1,1,1,1,0,0,0,0,0,1,0,1
1555572,Relatório 1555572 - Acompanhamento das condicionalidades do Programa Bolsa Família em Paulista (PE),1,3,1,2024-12-19,2024,3,16,0,0,0,1,1,1,1,0,1,1,0,1,1,1,1
1555606,Relatório 1555606 - Acompanhamento das condicionalidades do Programa Bolsa Família em Queimados (RJ),1,3,1,2024-12-19,2024,3,19,0,0,0,1,1,1,1,0,1,0,0,0,1,0,1
1555602,Relatório 1555602 - Acompanhamento das condicionalidades do Programa Bolsa Família em Almirante Tamandaré/PR,1,3,1,2024-12-19,2024,3,18,0,0,0,1,1,1,1,1,0,1,0,0,1,1,1
1555575,Relatório 1555575 - Acompanhamento das condicionalidades do Programa Bolsa Família em Abreu e Lima (PE),1,3,1,2024-12-19,2024,3,16,0,0,0,1,1,1,1,0,1,0,0,0,1,0,1
1555600,Relatório 1555600 - Acompanhamento das condicionalidades do Programa Bolsa Família em Mercedes (PR),1,3,1,2024-12-19,2024,3,18,0,0,0,1,1,1,1,0,1,0,0,0,1,0,1
1555598,Relatório 1555598 - Acompanhamento das condicionalidades do Programa Bolsa Família em Parnaíba (PI),1,3,1,2024-12-19,2024,3,17,0,0,0,1,1,0,1,0,0,1,0,0,1,0,1
1555569,Relatório 1555569 - Acompanhamento das condicionalidades do Programa Bolsa Família em João Pessoa (PB),1,3,1,2024-12-19,2024,3,15,0,0,0,1,1,1,1,1,1,1,1,1,1,0,1
1555512,Relatório 1555512 - Acompanhamento das condicionalidades do Programa Bolsa Família em Arneiroz (CE),1,3,1,2024-12-19,2024,3,6,0,0,0,1,1,0,1,0,0,0,0,0,1,0,1
1555552,Relatório 1555552 - Acompanhamento das condicionalidades do Programa Bolsa Família em Dourados (MS),1,3,1,2024-12-19,2024,3,12,0,0,0,1,1,1,1,0,0,0,0,0,1,0,1
1555555,Relatório 1555555 - Acompanhamento das condicionalidades do Programa Bolsa Família em Vila Bela da Santíssima Trindade (MT),1,3,1,2024-12-19,2024,3,13,0,0,0,1,1,0,1,0,1,0,0,0,1,0,1
1555551,Relatório 1555551 - Acompanhamento das condicionalidades do Programa Bolsa Família em Rochedo (MS),1,3,1,2024-12-19,2024,3,12,0,0,0,1,1,1,1,0,0,0,0,0,1,0,1
1555558,Relatório 1555558 - Acompanhamento das condicionalidades do Programa Bolsa Família em Várzea Grande (MT),1,3,1,2024-12-19,2024,3,13,0,0,0,1,1,1,1,0,1,1,0,0,1,0,1
1558625,Relatório 1558625 - Acompanhamento das condicionalidades do Programa Bolsa Família em Porteirinha (MG),1,3,1,2024-12-19,2024,3,11,0,0,0,1,1,1,1,0,0,0,0,1,1,1,1
1555577,Relatório 1555577 - Acompanhamento das condicionalidades do Programa Bolsa Família em Curral Velho (PB),1,3,1,2024-12-19,2024,3,15,0,0,0,1,1,0,1,0,0,1,0,0,1,0,1
1555578,Relatório 1555578 - Acompanhamento das condicionalidades do Programa Bolsa Família em Cachoeira do Arari (PA),1,3,1,2024-12-19,2024,3,14,0,0,0,1,1,0,1,0,1,1,0,1,1,0,1
1555535,Relatório 1555535 - Acompanhamento das condicionalidades do Programa Bolsa Família em São Gotardo (MG),1,3,1,2024-12-19,2024,3,11,0,0,0,1,1,1,1,0,0,1,0,0,1,0,1
1555567,Relatório 1555567 - Acompanhamento das condicionalidades do Programa Bolsa Família em Belém (PA),1,3,1,2024-12-19,2024,3,14,0,0,0,1,1,1,1,0,1,1,0,0,1,0,1
1555511,Relatório 1555511 - Acompanhamento das condicionalidades do Programa Bolsa Família em Fortaleza (CE),1,3,1,2024-12-19,2024,3,6,0,0,0,1,1,0,1,0,0,0,0,0,1,0,1
1558626,Relatório 1558626 - Acompanhamento das condicionalidades do Programa Bolsa Família em Crateús (CE),1,3,1,2024-12-19,2024,3,6,0,0,0,1,1,0,1,0,0,0,0,0,1,0,1
1558627,Relatório 1558627 - Acompanhamento das condicionalidades do Programa Bolsa Família em Colatina (ES),1,3,1,2024-12-19,2024,3,8,0,0,0,1,1,1,1,0,0,1,0,0,1,0,1
1555509,Relatório 1555509 - Acompanhamento das condicionalidades do Programa Bolsa Família em Queimadas (BA),1,3,1,2024-12-19,2024,3,5,0,0,0,1,1,1,1,0,0,1,0,0,1,0,1
1555537,Relatório 1555537 - Acompanhamento das condicionalidades do Programa Bolsa Família em São Luís (MA),1,3,1,2024-12-19,2024,3,10,0,0,0,1,1,0,1,0,0,0,1,1,1,0,1
1555626,Relatório 1555626 - Acompanhamento das condicionalidades do Programa Bolsa Família no Distrito Federal,1,3,1,2024-12-19,2024,3,7,0,0,0,1,1,1,1,0,0,1,0,0,1,0,1
1555538,Relatório 1555538 - Acompanhamento das condicionalidades do Programa Bolsa Família em Governador Valadares (MG),1,3,1,2024-12-19,2024,3,11,0,0,0,1,1,1,1,0,0,0,0,0,1,0,1
1555532,Relatório 1555532 - Acompanhamento das condicionalidades do Programa Bolsa Família em Turilândia (MA),1,3,1,2024-12-19,2024,3,10,0,0,0,1,1,0,1,0,0,0,1,0,1,0,1
1555517,Relatório 1555517 - Acompanhamento das condicionalidades do Programa Bolsa Família em Corumbaíba (GO),1,3,1,2024-12-19,2024,3,9,0,0,0,1,1,0,1,0,0,0,0,1,1,0,1
1555523,Relatório 1555523 - Acompanhamento das condicionalidades do Programa Bolsa Família em Aparecida de Goiânia (GO),1,3,1,2024-12-19,2024,3,9,0,0,0,1,1,1,1,0,0,0,0,0,1,0,1
1555519,Relatório 1555519 - Acompanhamento das condicionalidades do Programa Bolsa Família em Vila Velha (ES),1,3,1,2024-12-19,2024,3,8,0,0,0,1,1,1,1,0,0,0,0,0,1,0,1
1555514,Relatório 1555514 - Acompanhamento das condicionalidades do Programa Bolsa Família em Mantenópolis (ES),1,3,1,2024-12-19,2024,3,8,0,0,0,1,1,1,1,0,0,0,0,0,1,0,1
1287142,Relatório 1287142 - Gestão de riscos aduaneiros nas operações de importação,1,3,1,2024-12-19,2024,3,7,0,1,0,1,1,1,1,0,0,1,1,1,0,0,1
1555490,Relatório 1555490 - Acompanhamento das condicionalidades do Programa Bolsa Família em Canapi (AL),1,3,1,2024-12-19,2024,3,2,0,0,0,1,1,0,1,0,0,1,0,0,1,0,1
1555502,Relatório 1555502 - Acompanhamento das condicionalidades do Programa Bolsa Família em Itaubal (AP),1,3,1,2024-12-19,2024,3,4,0,0,0,1,1,0,1,0,0,1,0,0,1,0,1
1555503,Relatório 1555503 - Acompanhamento das condicionalidades do Programa Bolsa Família em Macapá (AP),1,3,1,2024-12-19,2024,3,4,0,0,0,1,1,0,1,0,0,1,0,0,1,0,1
1348804,Relatório 1348804 - Aquisições do Governo Federal (AGF) no âmbito da Política de Garantia de Preço Mínimo (PGPM) para produção rural: rede de armazenagem e controles instituídos,1,3,1,2024-12-19,2024,3,7,0,1,0,1,1,1,1,0,1,0,0,1,0,0,1
1471584,Relatório 1471584 - Acompanhamento das condicionalidades do Programa Bolsa Família: gestão federal,1,3,1,2024-12-19,2024,3,7,0,0,0,1,1,1,1,0,1,1,1,1,1,1,1
1555437,Relatório 1555437 - Acompanhamento das condicionalidades do Programa Bolsa Família em Rio Branco (AC),1,3,1,2024-12-19,2024,3,1,0,0,0,1,1,0,1,0,1,1,1,0,1,0,1
1555191,Relatório 1555191 - Acompanhamento das condicionalidades do Programa Bolsa Família em Feijó (AC),1,3,1,2024-12-19,2024,3,1,0,0,0,1,1,1,1,0,1,1,1,1,1,0,1
1555494,Relatório 1555494 - Acompanhamento das condicionalidades do Programa Bolsa Família em Maués (AM),1,3,1,2024-12-19,2024,3,3,0,0,0,1,1,1,1,0,1,1,1,1,1,0,1
1555497,Relatório 1555497 - Acompanhamento das condicionalidades do Programa Bolsa Família em Manaus (AM),1,3,1,2024-12-19,2024,3,3,0,0,0,1,1,1,1,0,0,1,0,0,1,0,1
1555480,Relatório 1555480 - Acompanhamento das condicionalidades do Programa Bolsa Família em Maceió (AL),1,3,1,2024-12-19,2024,3,2,0,0,0,1,1,1,1,0,1,0,0,0,1,0,1
1494962,Relatório 1494962 - Programa Bolsa Família: ingresso de beneficiários e gestão dos benefícios (pagamentos realizados em 2023),1,3,0,2024-12-19,2024,3,7,0,0,0,1,1,1,1,0,1,0,0,0,1,1,1
1735335,"Relatório 1735335 - Acompanhamento das condicionalidades do Programa Bolsa Família: gestões municipais, estaduais e federal",1,3,1,2024-12-19,2024,3,7,0,0,0,1,1,1,1,0,1,1,1,1,1,1,1
1555608,Relatório 1555608 - Acompanhamento das condicionalidades do Programa Bolsa Família em São Paulo: gestão estadual,1,3,1,2024-12-19,2024,3,26,0,0,0,1,0,0,1,0,0,0,0,0,1,0,1
1555533,Relatório 1555533 - Acompanhamento das condicionalidades do Programa Bolsa Família em Mato Grosso do Sul: gestão estadual,1,3,1,2024-12-19,2024,3,13,0,0,0,1,0,1,1,0,0,0,0,1,1,0,1
1555530,Relatório 1555530 - Acompanhamento das condicionalidades do Programa Bolsa Família em Mato Grosso: gestão estadual,1,3,1,2024-12-19,2024,3,13,0,0,0,1,0,1,1,0,1,0,1,0,1,0,1
1555604,Relatório 1555604 - Acompanhamento das condicionalidades do Programa Bolsa Família em Roraima: gestão estadual,1,3,1,2024-12-19,2024,3,22,0,0,0,1,1,0,1,0,1,0,0,0,1,0,1
1555574,Relatório 1555574 - Acompanhamento das condicionalidades do Programa Bolsa Família no Paraná: gestão estadual,1,3,1,2024-12-19,2024,3,18,0,0,0,1,1,0,1,0,0,0,0,0,1,0,1
1555479,Relatório 1555479 - Acompanhamento das condicionalidades do Programa Bolsa Família em Alagoas: gestão estadual,1,3,1,2024-12-19,2024,3,2,0,1,0,1,0,0,1,0,0,0,0,1,1,1,1
1555634,Relatório 1555634 - Acompanhamento das condicionalidades do Programa Bolsa Família em Jandira (SP),1,3,1,2024-12-19,2024,3,26,0,0,0,1,1,1,1,0,0,0,0,1,1,0,1
1555265,Relatório 1555265 - Acompanhamento das condicionalidades do Programa Bolsa Família no Acre: gestão estadual,1,3,1,2024-12-19,2024,3,1,0,0,0,1,0,1,1,0,1,1,0,0,1,0,1
1555510,Relatório 1555510 - Acompanhamento das condicionalidades do Programa Bolsa Família em Porto Seguro (BA),1,3,1,2024-12-19,2024,3,5,0,0,0,1,1,1,1,0,0,0,0,0,1,0,1
1726292,Relatório 1726292 - Aquisição de alimentos para os restaurantes coletivos da Universidade Federal do Piauí (UFPI),1,1,0,2024-12-20,2024,3,17,0,0,0,1,0,0,1,0,0,0,1,0,0,0,1
1398885,Relatório 1398885 - Aquisição de veículos para área de inspeção do trabalho do Ministério do Trabalho e Emprego (MTE),1,1,0,2024-12-20,2024,3,7,0,0,0,1,1,0,1,0,0,0,0,1,1,0,1
1451263,Relatório 1451263 - Aplicação do patrimônio do Serviço Social da Indústria (SESI) em atividades finalísticas: Departamento Regional no estado da Bahia,1,3,0,2024-12-20,2024,3,5,0,1,0,1,1,0,1,0,1,0,0,1,1,0,1
1700485,Relatório 1700485 - Aquisição de veículos para a estrutura de mobilidade do Sistema Único de Assistência Social (SUAS),1,1,0,2024-12-20,2024,3,7,0,0,0,1,1,1,1,0,0,0,0,1,1,0,1
1423514,"Relatório 1423514 - Execução de três contratos para recuperação, manutenção e conservação da BR-364: trechos entre Porto Velho (RO) e divisa de Rondônia com o Acre",1,3,0,2024-12-20,2024,3,21,0,1,0,1,1,1,1,0,0,1,0,1,0,0,1
1330195,"Relatório 1330195 - Garantia do crédito tributário: arrolamento de bens, ajuizamento de medidas cautelares fiscais e governança",1,3,1,2024-12-20,2024,3,7,0,1,0,1,1,1,1,0,1,1,0,1,0,0,1
1356981,Relatório 1356981 - Empresa de Tecnologia e Informações da Previdência (Dataprev): controle de demandas e da qualidade das entregas,1,3,0,2024-12-20,2024,3,7,0,1,0,1,1,1,1,0,1,1,1,1,1,0,1
1549924,Relatório 1549924 - Aplicação na Atividade Finalística X Disponibilidades – SESI,1,3,0,2024-12-23,2024,3,14,0,1,0,1,1,1,1,0,0,1,0,1,0,0,1
1401824,Relatório 1401824 - Aplicação na Atividade Finalística X Disponibilidades do SESC,1,3,0,2024-12-23,2024,3,14,0,1,0,1,1,1,1,0,1,1,1,1,1,0,1
1557977,Avaliação - Infraestrutura do Governo Federal - Aplicação da redução de ICMS sobre links de comunicação - 2024,1,3,0,2024-12-23,2024,3,11,0,1,0,1,0,1,1,0,1,1,0,1,1,1,1
1073328,Relatório 1073328 - Políticas públicas executadas por Organizações da Sociedade Civil por meio de Transferências Federais,1,3,0,2024-12-23,2024,3,7,0,1,0,1,1,1,1,1,1,1,0,1,1,0,1
1564509,"Relatório 1564509 - Programa Cisternas: focalização, implementação e efetividade das ações para acesso à água",1,3,1,2024-12-23,2024,3,7,0,0,0,1,1,1,1,0,0,0,0,1,1,1,1
1494533,"Relatório 1494533 - Contratação de serviços de manutenção (PATO) em trecho na Rodovia BR-040/MG (segmento km 145,20 ao km 285,70)",1,1,0,2024-12-27,2024,3,11,0,0,0,1,1,1,1,0,0,0,0,1,0,0,1
1494456,"Relatório 1494456 - Contratação de serviços de manutenção (PATO) em trecho na Rodovia BR-040/MG (segmento km 0 ao km 145,20)",1,1,0,2024-12-27,2024,3,11,0,0,0,1,1,1,1,0,0,1,0,1,0,0,1
906507,Relatório 906507 - Aplicação de recursos relacionados à proteção social básica (MDS) pelo município de Uruçuí/PI,3,3,0,2024-12-27,2024,3,17,0,0,0,1,1,1,1,0,0,0,0,1,0,1,1
955097,Relatório 955097 – Avaliação da gestão do DPVAT em regime de urgência e da criação do SPVAT,1,3,1,2024-12-27,2024,3,7,0,0,0,1,1,1,1,0,1,1,1,1,1,1,1
1715533,Relatório 1715533 - Análise da licitação 90014/2024 para aquisição de gêneros alimentícios pela Fundação Universidade Federal do Piauí,1,1,0,2024-12-27,2024,3,17,0,0,0,1,1,1,1,0,0,0,1,1,0,0,1
1699242,"Relatório 1699242 - Análise da licitação 90001/2024 do Instituto Federal de Educação, Ciência e Tecnologia do Piauí para construção do campus no município de Altos/PI",1,1,0,2024-12-27,2024,3,17,0,0,0,1,0,0,1,0,0,0,0,1,0,0,1
1671644,Relatório 1671644 - Análise de Licitação 90433/2024 para aquisição de gêneros alimentícios pelo Instituto Federal Catarinense – Campus Rio do Sul,1,1,0,2024-12-27,2024,3,24,0,0,0,1,1,0,1,0,0,0,0,1,0,0,1
